epoch,Train_loss,Test_loss,Train_f1_score,Train_auroc,Test_f1_score,Test_auroc
1,0.657841145992279,0.7045425176620483,0.3280844507909903,0.5649849707798322,0.13816971875455386,0.4185778589418778
2,0.5685601234436035,0.7734448909759521,0.5328880570987814,0.7615532529447193,0.11308456147487936,0.44138491277239233
